day,continent,cases_total,deaths_1M_pop,tests_1M_pop,cases_recovered,cases_new,cases_1M_pop,deaths_new,country,tests_total,time,deaths_total,cases_active,cases_critical,population
2024-06-27,North-America,18491,33,,4225,,2728,,Nicaragua,,2024-06-27T11:45:06+00:00,225,14041,,6779100
2024-06-27,Asia,17786,13,,17264,,1786,,Tajikistan,,2024-06-27T11:45:06+00:00,125,397,,9957464
2024-06-27,Africa,15690,186,301094,15427,,15441,,Djibouti,305941,2024-06-27T11:45:06+00:00,189,74,,1016097
2024-06-27,North-America,11971,369,2894810,2761,,210117,,Greenland,164926,2024-06-27T11:45:06+00:00,21,9189,4,56973
2024-06-27,Africa,10189,28,6470,10086,,2782,,Eritrea,23693,2024-06-27T11:45:06+00:00,103,0,,3662244
2024-06-27,Africa,9931,12,9759,8890,,381,,Niger,254538,2024-06-27T11:45:06+00:00,312,729,1,26083660
2024-06-27,Africa,2166,,,2,,354211,,Saint-Helena,,2024-06-27T11:45:06+00:00,,2164,,6115
2024-06-27,South-America,1930,,2439107,1930,,545352,,Falkland-Islands,8632,2024-06-27T11:45:06+00:00,,0,,3539
2024-06-27,North-America,1403,1611,3577442,1376,,282578,,Montserrat,17762,2024-06-27T11:45:06+00:00,8,19,,4965
2024-06-27,,712,,,699,,,,Diamond-Princess,,2024-06-27T11:45:06+00:00,13,0,,
2024-06-27,Europe,29,,,29,,36295,,Vatican-City,,2024-06-27T11:45:06+00:00,,0,,799
2024-06-27,Africa,10,2,,9,,16,,Western-Sahara,,2024-06-27T11:45:06+00:00,1,0,,626161
2024-06-27,,9,,,7,,,,MS-Zaandam,,2024-06-27T11:45:06+00:00,2,0,,
2024-06-27,Asia,503302,4,110461,379053,,347,,China,160000000,2024-06-27T11:45:06+00:00,5272,118977,,1448471400
2024-06-27,Africa,17229,122,244342,16907,+7,11512,,Equatorial-Guinea,365697,2024-06-27T11:45:06+00:00,183,139,5,1496662
2024-06-27,Africa,8090,56,26356,7783,,1525,,Liberia,139824,2024-06-27T11:45:06+00:00,295,12,2,5305117
2024-06-27,Oceania,5393,92,1881042,5347,,494635,,Nauru,20509,2024-06-27T11:45:06+00:00,1,45,,10903
2024-06-27,North-America,11682,1426,1130559,10476,+3,438398,,Caribbean-Netherlands,30126,2024-06-27T11:45:06+00:00,38,1168,,26647
2024-06-27,Africa,12626,145,60851,12189,+28,4935,,Gambia,155686,2024-06-27T11:45:06+00:00,372,65,,2558482
2024-06-27,Africa,9109,177,,8939,,10038,,Comoros,,2024-06-27T11:45:06+00:00,161,9,,907419
2024-06-27,Africa,9614,86,70385,8929,,4659,,Guinea-Bissau,145231,2024-06-27T11:45:06+00:00,177,508,6,2063367
2024-06-27,Africa,7701,11,10988,4874,,442,,Chad,191341,2024-06-27T11:45:06+00:00,194,2633,,17413580
2024-06-27,Oceania,12019,44,77606,11976,,37346,,Vanuatu,24976,2024-06-27T11:45:06+00:00,14,29,,321832
2024-06-27,North-America,11051,2093,1411454,10905,,251353,,Sint-Maarten,62056,2024-06-27T11:45:06+00:00,92,54,,43966
2024-06-27,Oceania,3550,728,1867419,438,,323256,,Wallis-and-Futuna,20508,2024-06-27T11:45:06+00:00,8,3104,,10982
2024-06-27,North-America,5507,603,7908095,,,553746,,St-Barth,78646,2024-06-27T11:45:06+00:00,6,,,9945
2024-06-27,North-America,6607,891,2356704,6559,,122645,,Saint-Kitts-and-Nevis,126958,2024-06-27T11:45:06+00:00,48,0,,53871
2024-06-27,Oceania,80,,,,,58055,,Tokelau,,2024-06-27T11:45:06+00:00,,80,,1378
2024-06-27,Oceania,5085,194,,2703,,41201,,Kiribati,,2024-06-27T11:45:06+00:00,24,2358,3,123419
2024-06-27,Africa,18819,13,35313,18115,,1620,,South-Sudan,410280,2024-06-27T11:45:06+00:00,147,557,1,11618511
2024-06-27,Europe,17181,1684,1976875,,,431868,,Monaco,78646,2024-06-27T11:45:06+00:00,67,,,39783
2024-06-27,Oceania,17006,153,926612,1605,,84089,,Samoa,187397,2024-06-27T11:45:06+00:00,31,15370,,202239
2024-06-27,Oceania,16950,121,4965327,15638,,157310,,Tonga,535009,2024-06-27T11:45:06+00:00,13,1299,,107749
2024-06-27,Oceania,16138,283,,16121,,268711,,Marshall-Islands,,2024-06-27T11:45:06+00:00,17,0,,60057
2024-06-27,North-America,16038,1023,3170187,15964,,221691,,Dominica,229344,2024-06-27T11:45:06+00:00,74,0,,72344
2024-06-27,Africa,15440,23,16205,15200,,3078,,CAR,81294,2024-06-27T11:45:06+00:00,113,127,2,5016678
2024-06-27,North-America,12324,1586,2828643,,,310194,,Saint-Martin,112382,2024-06-27T11:45:06+00:00,63,,,39730
2024-06-27,Asia,11945,69,10579,9124,,383,,Yemen,329592,2024-06-27T11:45:06+00:00,2159,662,,31154867
2024-06-27,North-America,9674,1112,1023720,9493,,86723,,St-Vincent-Grenadines,114197,2024-06-27T11:45:06+00:00,124,57,,111551
2024-06-27,North-America,9106,1467,189943,8954,,91509,,Antigua-and-Barbuda,18901,2024-06-27T11:45:06+00:00,146,6,,99509
2024-06-27,Africa,7779,15,31296,,,937,,Sierra-Leone,259958,2024-06-27T11:45:06+00:00,126,,,8306436
2024-06-27,North-America,7392,2092,3508269,,,241600,,British-Virgin-Islands,107339,2024-06-27T11:45:06+00:00,64,,,30596
2024-06-27,Oceania,7203,114,1120596,7150,,409937,,Cook-Islands,19690,2024-06-27T11:45:06+00:00,2,51,,17571
2024-06-27,Africa,6778,351,130008,6685,,29770,,Sao-Tome-and-Principe,29600,2024-06-27T11:45:06+00:00,80,13,,227679
2024-06-27,North-America,6752,1007,15520193,6709,,169900,,Turks-and-Caicos,616788,2024-06-27T11:45:06+00:00,40,3,4,39741
2024-06-27,Oceania,6290,548,3917841,6276,,344979,,Palau,71434,2024-06-27T11:45:06+00:00,10,4,,18233
2024-06-27,North-America,3904,788,3373736,,,256336,,Anguilla,51382,2024-06-27T11:45:06+00:00,12,,,15230
2024-06-27,North-America,3452,347,4410488,2449,,599410,,Saint-Pierre-Miquelon,25400,2024-06-27T11:45:06+00:00,2,1001,,5759
2024-06-27,Oceania,2943,83,,,,243909,,Tuvalu,,2024-06-27T11:45:06+00:00,1,,,12066
2024-06-27,Oceania,1059,,,1056,,652898,,Niue,,2024-06-27T11:45:06+00:00,,3,,1622
2024-06-27,North-America,45986,1782,3000640,44720,,277812,,Cura&ccedil;ao,496693,2024-06-27T11:45:05+00:00,295,971,3,165529
2024-06-27,Europe,38008,1353,1758422,,,443335,,Isle-of-Man,150753,2024-06-27T11:45:05+00:00,116,,,85732
2024-06-27,North-America,31472,550,3311280,8553,,467797,,Cayman-Islands,222773,2024-06-27T11:45:05+00:00,37,22882,1,67277
2024-06-27,Africa,25375,67,59991,24006,,4377,,Congo,347815,2024-06-27T11:45:05+00:00,386,983,,5797805
2024-06-27,South-America,98041,1337,2072951,11254,+13,312065,,French-Guiana,651257,2024-06-27T11:45:05+00:00,420,86367,6,314169
2024-06-27,Africa,27334,81,23778,13182,+10,1623,,Somalia,400466,2024-06-27T11:45:05+00:00,1361,12791,,16841795
2024-06-27,Europe,101717,1292,7099551,101321,+91,576421,,Channel-Islands,1252808,2024-06-27T11:45:05+00:00,228,168,,176463
2024-06-27,North-America,18860,2664,16622128,18685,+11,304493,+2,Bermuda,1029558,2024-06-27T11:45:05+00:00,165,10,,61939
2024-06-27,Africa,42027,657,618038,,+19,146815,,Mayotte,176919,2024-06-27T11:45:05+00:00,188,,,286259
2024-06-27,North-America,19693,2097,1612523,19358,+10,173545,,Grenada,182981,2024-06-27T11:45:05+00:00,238,97,4,113475
2024-06-27,North-America,38084,2107,643767,36366,,95087,,Bahamas,257839,2024-06-27T11:45:05+00:00,844,874,1,400516
2024-06-27,Oceania,69117,973,739866,67226,,75997,,Fiji,672883,2024-06-27T11:45:05+00:00,885,1006,,909466
2024-06-27,South-America,82588,2359,405822,,,138378,,Suriname,242207,2024-06-27T11:45:05+00:00,1408,,,596831
2024-06-27,Asia,23460,101,203391,23102,,17131,,Timor-Leste,278529,2024-06-27T11:45:05+00:00,138,220,,1369429
2024-06-27,North-America,44224,2714,1653068,42438,,410969,,Aruba,177885,2024-06-27T11:45:05+00:00,292,1494,2,107609
2024-06-27,North-America,110578,2250,2826715,108647,,383921,,Barbados,814159,2024-06-27T11:45:05+00:00,648,1283,,288023
2024-06-27,Africa,107327,55,42818,103419,,3064,,Angola,1499795,2024-06-27T11:45:05+00:00,1937,1971,,35027343
2024-06-27,Africa,99338,15,8890,84489,,1043,,DRC,846704,2024-06-27T11:45:05+00:00,1468,13381,,95240792
2024-06-27,Africa,89535,133,30959,,,4437,,Malawi,624784,2024-06-27T11:45:05+00:00,2686,,,20180839
2024-06-27,Africa,89053,112,64946,87024,,5044,,Senegal,1146543,2024-06-27T11:45:05+00:00,1971,58,,17653671
2024-06-27,Africa,88384,30,60951,87497,,3186,,Ivory-Coast,1690934,2024-06-27T11:45:05+00:00,835,52,,27742298
2024-06-27,Oceania,80064,1079,340182,,,275214,,New-Caledonia,98964,2024-06-27T11:45:05+00:00,314,,,290915
2024-06-27,Oceania,79254,2287,,,,278902,,French-Polynesia,,2024-06-27T11:45:05+00:00,650,,,284164
2024-06-27,Africa,75191,1204,885119,73116,,63462,,Eswatini,1048704,2024-06-27T11:45:05+00:00,1427,648,,1184817
2024-06-27,South-America,74137,1637,923396,72013,,93366,,Guyana,733218,2024-06-27T11:45:05+00:00,1300,824,,794045
2024-06-27,North-America,71409,1669,1397453,,,173243,,Belize,576016,2024-06-27T11:45:05+00:00,688,,,412190
2024-06-27,Africa,68486,49,18210,66862,,2347,,Madagascar,531329,2024-06-27T11:45:05+00:00,1426,198,,29178077
2024-06-27,Africa,64477,735,707482,63755,,113580,,Cabo-Verde,401622,2024-06-27T11:45:05+00:00,417,305,23,567678
2024-06-27,Africa,63993,110,12240,58947,,1391,,Sudan,562941,2024-06-27T11:45:05+00:00,5046,0,,45992020
2024-06-27,Africa,63848,203,206030,62471,,13025,,Mauritania,1009957,2024-06-27T11:45:05+00:00,997,380,,4901981
2024-06-27,Asia,62697,27,2923739,61564,,79571,,Bhutan,2303734,2024-06-27T11:45:05+00:00,21,1112,,787941
2024-06-27,Asia,57743,163,7553,54578,,2982,,Syria,146269,2024-06-27T11:45:05+00:00,3165,0,,19364809
2024-06-27,Africa,54721,3,27386,53569,,4334,,Burundi,345742,2024-06-27T11:45:05+00:00,38,1114,,12624840
2024-06-27,Africa,51220,1730,,51048,,515157,,Seychelles,,2024-06-27T11:45:05+00:00,172,0,,99426
2024-06-27,Africa,49051,132,695641,48674,,21038,,Gabon,1621909,2024-06-27T11:45:05+00:00,307,70,,2331533
2024-06-27,Europe,48015,2130,3225256,,,619844,,Andorra,249838,2024-06-27T11:45:05+00:00,165,,,77463
2024-06-27,Oceania,46864,72,26813,46168,,5043,,Papua-New-Guinea,249149,2024-06-27T11:45:05+00:00,670,26,,9292169
2024-06-27,Africa,43223,13,,,,683,,Tanzania,,2024-06-27T11:45:05+00:00,846,,,63298550
2024-06-27,Africa,43025,824,281374,41278,,33752,,Mauritius,358675,2024-06-27T11:45:05+00:00,1051,696,,1274727
2024-06-27,Africa,39572,33,93908,39281,,4559,,Togo,815204,2024-06-27T11:45:05+00:00,290,1,,8680837
2024-06-27,Africa,38572,34,47607,37757,,2782,,Guinea,660107,2024-06-27T11:45:05+00:00,468,347,,13865691
2024-06-27,Africa,36138,332,198199,25980,,16610,,Lesotho,431221,2024-06-27T11:45:05+00:00,723,9435,,2175699
2024-06-27,North-America,34667,74,11337,33734,,2968,,Haiti,132422,2024-06-27T11:45:05+00:00,860,73,,11680283
2024-06-27,Europe,34658,569,15802409,,,703959,,Faeroe-Islands,778000,2024-06-27T11:45:05+00:00,28,,,49233
2024-06-27,Africa,33164,35,37483,32332,,1544,,Mali,804909,2024-06-27T11:45:05+00:00,743,89,,21473764
2024-06-27,North-America,30215,2215,1139752,29805,,163225,,Saint-Lucia,210983,2024-06-27T11:45:05+00:00,410,0,,185113
2024-06-27,Africa,28036,13,47268,27847,,2193,,Benin,604310,2024-06-27T11:45:05+00:00,163,26,,12784726
2024-06-27,Asia,27673,184,11760,3487,,41458,,Macao,7850,2024-06-27T11:45:05+00:00,123,24063,,667490
2024-06-27,Oceania,26547,553,701598,,,225953,,Micronesia,82430,2024-06-27T11:45:05+00:00,65,,,117489
2024-06-27,Europe,26185,3755,5775414,26011,,768226,,San-Marino,196855,2024-06-27T11:45:05+00:00,128,46,,34085
2024-06-27,Oceania,25954,276,,,,35989,,Solomon-Islands,,2024-06-27T11:45:05+00:00,199,,,721159
2024-06-27,Africa,22114,18,11265,21596,,1001,,Burkina-Faso,248995,2024-06-27T11:45:05+00:00,400,118,,22102838
2024-06-27,Europe,21574,2449,2929559,,,562013,,Liechtenstein,112457,2024-06-27T11:45:05+00:00,94,,,38387
2024-06-27,Europe,20550,3353,15852213,,,609720,,Gibraltar,534283,2024-06-27T11:45:05+00:00,113,,,33704
2024-06-27,Europe,994037,755,1446722,985592,,105381,,Belarus,13646641,2024-06-27T11:45:04+00:00,7118,1327,,9432800
2024-06-27,South-America,552695,200,114771,546537,+10,18885,,Venezuela,3359014,2024-06-27T11:45:04+00:00,5856,302,31,29266991
2024-06-27,Africa,516023,232,34792,442182,,4861,,Egypt,3693367,2024-06-27T11:45:04+00:00,24613,49228,122,106156692
2024-06-27,Asia,253662,48,40077,241486,+136,7378,,Uzbekistan,1377915,2024-06-27T11:45:04+00:00,1637,10539,23,34382084
2024-06-27,Asia,206897,445,283460,196406,+7,30750,,Kyrgyzstan,1907195,2024-06-27T11:45:04+00:00,2991,7500,131,6728271
2024-06-27,Asia,514524,232,1364257,513687,+28,172664,,Qatar,4065369,2024-06-27T11:45:04+00:00,690,147,16,2979915
2024-06-27,Asia,1011496,676,1193000,1009212,,299429,,Mongolia,4030048,2024-06-27T11:45:04+00:00,2284,0,,3378078
2024-06-27,Asia,1003450,398,200088,991322,,33199,,Nepal,6047766,2024-06-27T11:45:04+00:00,12031,97,,30225582
2024-06-27,Europe,982505,3632,4265272,971406,,531418,,Latvia,7885792,2024-06-27T11:45:04+00:00,6715,4384,,1848837
2024-06-27,Asia,841469,269,1268848,,,23475,,Saudi-Arabia,45481735,2024-06-27T11:45:04+00:00,9646,,,35844909
2024-06-27,South-America,837602,2759,363751,,,114648,,Paraguay,2657506,2024-06-27T11:45:04+00:00,20155,,,7305843
2024-06-27,Asia,835234,1010,752223,824089,,81089,,Azerbaijan,7748050,2024-06-27T11:45:04+00:00,10400,745,,10300205
2024-06-27,Asia,729549,882,6137138,727915,,408944,,Bahrain,10948549,2024-06-27T11:45:04+00:00,1574,60,,1783983
2024-06-27,Asia,681110,1116,7879860,679745,,556741,,Cyprus,9640118,2024-06-27T11:45:04+00:00,1365,0,,1223387
2024-06-27,North-America,675890,397,338350,671316,,61131,,Dominican-Republic,3740928,2024-06-27T11:45:04+00:00,4384,190,4,11056370
2024-06-27,Asia,672754,783,300619,655852,,31181,,Sri-Lanka,6486117,2024-06-27T11:45:04+00:00,16897,5,,21575842
2024-06-27,Asia,667158,587,1930391,,,152308,,Kuwait,8455743,2024-06-27T11:45:04+00:00,2570,,,4380326
2024-06-27,Asia,641873,353,212061,620159,,11622,,Myanmar,11711514,2024-06-27T11:45:04+00:00,19495,2219,,55227143
2024-06-27,Europe,635145,3044,801437,,,158265,,Moldova,3216305,2024-06-27T11:45:04+00:00,12218,,,4013171
2024-06-27,Europe,628070,2270,5271239,,,475123,,Estonia,6968103,2024-06-27T11:45:04+00:00,3001,,,1321910
2024-06-27,Asia,621008,1011,575907,615445,,116173,,Palestine,3078533,2024-06-27T11:45:04+00:00,5404,159,,5345541
2024-06-27,Africa,507274,914,352782,500835,,72048,,Libya,2483848,2024-06-27T11:45:04+00:00,6437,2,,7040745
2024-06-27,Africa,501157,63,46066,488171,,4148,,Ethiopia,5565340,2024-06-27T11:45:04+00:00,7574,5412,,120812698
2024-06-27,Africa,494595,1014,1766027,,,544672,,R&eacute;union,1603660,2024-06-27T11:45:04+00:00,921,,,908061
2024-06-27,North-America,474590,1092,162472,,,46432,,Honduras,1660662,2024-06-27T11:45:04+00:00,11165,,,10221247
2024-06-27,Asia,451831,2953,1091164,435162,,152031,,Armenia,3242901,2024-06-27T11:45:04+00:00,8777,7892,,2971966
2024-06-27,Europe,403615,5044,580036,379084,,124215,,Bosnia-and-Herzegovina,1884721,2024-06-27T11:45:04+00:00,16388,8143,,3249317
2024-06-27,Asia,399449,869,4695724,,,75028,,Oman,25000000,2024-06-27T11:45:04+00:00,4628,,,5323993
2024-06-27,Europe,391232,1918,7140959,,,609044,,Luxembourg,4587145,2024-06-27T11:45:04+00:00,1232,,,642371
2024-06-27,Europe,350567,4793,1069626,337068,,168436,,North-Macedonia,2226216,2024-06-27T11:45:04+00:00,9976,3523,,2081304
2024-06-27,Africa,349304,209,211244,341316,,17940,,Zambia,4112961,2024-06-27T11:45:04+00:00,4069,3919,,19470234
2024-06-27,Africa,344130,101,70569,337309,,6122,,Kenya,3967062,2024-06-27T11:45:04+00:00,5689,1132,,56215221
2024-06-27,Asia,343719,505,1611437,243601,,771655,,Brunei,717784,2024-06-27T11:45:04+00:00,225,99893,3,445431
2024-06-27,Europe,334863,1258,677173,330233,,116825,,Albania,1941032,2024-06-27T11:45:04+00:00,3605,1025,,2866374
2024-06-27,Africa,330638,1147,830300,327049,,135443,,Botswana,2026898,2024-06-27T11:45:04+00:00,2801,788,1,2441162
2024-06-27,Europe,296542,4532,4410034,291794,,472238,,Montenegro,2769281,2024-06-27T11:45:04+00:00,2846,1902,,627950
2024-06-27,Africa,272010,152,5093,183061,,5998,,Algeria,230960,2024-06-27T11:45:04+00:00,6881,82068,,45350148
2024-06-27,Africa,267188,15,26339,259953,,1233,,Nigeria,5708974,2024-06-27T11:45:04+00:00,3155,4080,11,216746934
2024-06-27,Africa,266359,374,164744,258888,,17373,,Zimbabwe,2525756,2024-06-27T11:45:04+00:00,5740,1731,12,15331428
2024-06-27,Asia,234174,196,34125,211080,,5746,,Afghanistan,1390730,2024-06-27T11:45:04+00:00,7996,15098,,40754388
2024-06-27,Africa,233731,68,41437,228805,,7064,,Mozambique,1371127,2024-06-27T11:45:04+00:00,2250,2676,11,33089461
2024-06-27,North-America,230354,2946,2215870,,,615777,,Martinique,828928,2024-06-27T11:45:04+00:00,1102,,,374087
2024-06-27,Asia,218970,101,164845,,,29270,,Laos,1233207,2024-06-27T11:45:04+00:00,758,,,7481023
2024-06-27,Europe,209906,663,5780036,,,607731,,Iceland,1996384,2024-06-27T11:45:04+00:00,229,,,345393
2024-06-27,North-America,203235,2554,2346306,,,508349,,Guadeloupe,938039,2024-06-27T11:45:04+00:00,1021,,,399794
2024-06-27,North-America,201855,646,398467,179410,,30816,,El-Salvador,2610114,2024-06-27T11:45:04+00:00,4230,18215,,6550389
2024-06-27,North-America,191496,3121,649295,187078,,136143,,Trinidad-and-Tobago,913289,2024-06-27T11:45:04+00:00,4390,28,,1406585
2024-06-27,Asia,186694,584,4092223,163687,,345100,,Maldives,2213831,2024-06-27T11:45:04+00:00,316,22691,25,540985
2024-06-27,Africa,172389,1559,403460,167099,,65451,,Namibia,1062663,2024-06-27T11:45:04+00:00,4106,1184,,2633874
2024-06-27,Africa,172149,75,62198,100431,,3554,,Uganda,3012408,2024-06-27T11:45:04+00:00,3632,68086,,48432863
2024-06-27,Africa,171889,45,78456,170425,,5306,,Ghana,2541625,2024-06-27T11:45:04+00:00,1462,2,,32395450
2024-06-27,North-America,156869,1258,396633,,,52551,,Jamaica,1183986,2024-06-27T11:45:04+00:00,3756,,,2985094
2024-06-27,Asia,139103,178,180062,136044,,8102,,Cambodia,3091420,2024-06-27T11:45:04+00:00,3056,3,,17168639
2024-06-27,Africa,133518,108,442778,132039,,9817,,Rwanda,6021981,2024-06-27T11:45:04+00:00,1468,11,,13600464
2024-06-27,Africa,125379,71,62762,123280,,4492,,Cameroon,1751774,2024-06-27T11:45:04+00:00,1974,125,,27911548
2024-06-27,Europe,121420,1993,4888375,120149,,273448,,Malta,2170600,2024-06-27T11:45:04+00:00,885,386,,444033
2024-06-27,Asia,4772813,3,,4772739,,183636,,DPRK,,2024-06-27T11:45:03+00:00,74,0,,25990679
2024-06-27,Asia,1746997,1371,1669945,1731007,,169597,,Jordan,17201885,2024-06-27T11:45:03+00:00,14122,1868,59,10300869
2024-06-27,Africa,4076463,1689,441027,3912506,+614,67095,,South-Africa,26795090,2024-06-27T11:45:03+00:00,102595,61362,192,60756135
2024-06-27,Asia,1411831,721,602707,1383020,+63,73514,,Kazakhstan,11575012,2024-06-27T11:45:03+00:00,13848,14963,24,19205043
2024-06-27,Europe,5557995,2603,754855,5445577,,128681,,Ukraine,32603805,2024-06-27T11:45:03+00:00,112418,0,,43192122
2024-06-27,North-America,7702809,2546,152124,6899865,,58549,,Mexico,20013810,2024-06-27T11:45:03+00:00,334958,467986,,131562772
2024-06-27,Asia,7627186,1707,666338,,,88665,,Iran,57320267,2024-06-27T11:45:03+00:00,146811,,,86022837
2024-06-27,Asia,6829221,581,408975,6647104,,24466,,Indonesia,114158919,2024-06-27T11:45:03+00:00,162063,20054,,279134505
2024-06-27,Europe,6661991,3196,1041970,,,176524,,Poland,39323709,2024-06-27T11:45:03+00:00,120598,,,37739785
2024-06-27,South-America,6400173,2780,717327,6212152,,124244,,Colombia,36951507,2024-06-27T11:45:03+00:00,143200,44821,342,51512762
2024-06-27,Europe,6101379,3671,9909078,,,591412,,Greece,102228365,2024-06-27T11:45:03+00:00,37869,,,10316637
2024-06-27,Europe,6081287,2486,23302116,6054934,,670727,,Austria,211273524,2024-06-27T11:45:03+00:00,22542,3811,,9066710
2024-06-27,Europe,5643062,2774,4549993,5614809,,556484,,Portugal,46139518,2024-06-27T11:45:03+00:00,28126,127,61,10140570
2024-06-27,South-America,5384853,3350,2617225,5252450,,279730,,Chile,50382097,2024-06-27T11:45:03+00:00,64497,67906,7,19250195
2024-06-27,Asia,5278406,1126,2066869,5233268,,159079,,Malaysia,68580916,2024-06-27T11:45:03+00:00,37348,7790,11,33181072
2024-06-27,North-America,4946090,1538,1734189,4881312,,128843,,Canada,66572774,2024-06-27T11:45:03+00:00,59034,5744,99,38388419
2024-06-27,Europe,4861695,2946,3209915,4826798,,416659,,Belgium,37454182,2024-06-27T11:45:03+00:00,34376,521,,11668278
2024-06-27,Asia,4841772,1363,4436346,4798473,,519169,,Israel,41373364,2024-06-27T11:45:03+00:00,12707,30592,,9326000
2024-06-27,Asia,4770149,494,246488,4692636,,68069,,Thailand,17273454,2024-06-27T11:45:03+00:00,34586,42927,,70078203
2024-06-27,Europe,4759041,4053,5386552,4715206,,443246,,Czechia,57834241,2024-06-27T11:45:03+00:00,43517,318,2,10736784
2024-06-27,South-America,4572667,6595,1158115,4350506,,135751,,Peru,39010194,2024-06-27T11:45:03+00:00,222161,0,4,33684208
2024-06-27,Europe,4453053,1647,2716487,4438309,,507549,,Switzerland,23833472,2024-06-27T11:45:03+00:00,14452,292,,8773637
2024-06-27,Asia,4140383,594,320888,4067381,,36800,,Philippines,36102746,2024-06-27T11:45:03+00:00,66864,6138,,112508994
2024-06-27,Europe,3529735,3622,1511122,3460149,,185470,,Romania,28758667,2024-06-27T11:45:03+00:00,68929,657,21,19031335
2024-06-27,Europe,3183756,1511,22165247,3174942,,545636,,Denmark,129333107,2024-06-27T11:45:03+00:00,8814,0,,5834950
2024-06-27,Asia,3006155,341,4165302,3004131,,505785,,Singapore,24756666,2024-06-27T11:45:03+00:00,2024,0,4,5943546
2024-06-27,Asia,2937609,1963,10011143,2916005,,386309,,Hong-Kong,76127725,2024-06-27T11:45:03+00:00,14924,6680,,7604299
2024-06-27,Europe,2754129,2682,1908301,2726492,,269511,,Sweden,19500873,2024-06-27T11:45:03+00:00,27407,230,,10218971
2024-06-27,Oceania,2621111,1163,1586011,2613791,,535117,,New-Zealand,7768604,2024-06-27T11:45:03+00:00,5697,1623,,4898203
2024-06-27,Europe,2615054,2087,1555958,2596608,,302213,,Serbia,13463733,2024-06-27T11:45:03+00:00,18057,389,,8653016
2024-06-27,Asia,2465545,602,463523,2439497,,58474,,Iraq,19544451,2024-06-27T11:45:03+00:00,25375,673,,42164965
2024-06-27,Europe,2230232,5106,1186160,2152155,,232164,,Hungary,11394556,2024-06-27T11:45:03+00:00,49048,29029,,9606259
2024-06-27,Asia,2049377,176,90862,,,12207,,Bangladesh,15254399,2024-06-27T11:45:03+00:00,29493,,,167885689
2024-06-27,Europe,1877605,3887,1364199,1856381,,343872,,Slovakia,7448789,2024-06-27T11:45:03+00:00,21224,0,23,5460193
2024-06-27,Asia,1861665,4317,4263340,,,469082,,Georgia,16920079,2024-06-27T11:45:03+00:00,17132,,,3968738
2024-06-27,Europe,1734582,1891,2606161,1724921,,345521,,Ireland,13083449,2024-06-27T11:45:03+00:00,9491,170,19,5020199
2024-06-27,Asia,1581936,134,133292,1538689,,6893,,Pakistan,30589153,2024-06-27T11:45:03+00:00,30664,12583,,229488994
2024-06-27,Europe,1516117,2153,2179850,1503989,,272930,,Finland,12108977,2024-06-27T11:45:03+00:00,11958,170,,5554960
2024-06-27,Europe,1509732,1204,1996315,1503094,,273930,,Norway,11002430,2024-06-27T11:45:03+00:00,6638,0,,5511370
2024-06-27,Europe,1397806,3718,3959997,1387478,,525154,,Lithuania,10540357,2024-06-27T11:45:03+00:00,9897,431,,2661708
2024-06-27,Europe,1356546,3417,1370382,1349424,,652803,,Slovenia,2847701,2024-06-27T11:45:03+00:00,7100,22,,2078034
2024-06-27,Europe,1339851,5661,1705147,1292944,,195753,,Bulgaria,11671043,2024-06-27T11:45:03+00:00,38748,8159,22,6844597
2024-06-27,Europe,1309728,4604,1394355,1258432,,322650,,Croatia,5660084,2024-06-27T11:45:03+00:00,18687,32609,,4059286
2024-06-27,North-America,1291293,1092,408622,1269891,,69484,,Guatemala,7593848,2024-06-27T11:45:03+00:00,20289,1113,5,18584039
2024-06-27,Africa,1278992,432,344191,,,33860,,Morocco,13001033,2024-06-27T11:45:03+00:00,16303,,,37772756
2024-06-27,Asia,1243838,1638,717380,1087587,,186068,,Lebanon,4795578,2024-06-27T11:45:03+00:00,10952,145299,74,6684849
2024-06-27,North-America,1238883,1819,899158,,,239058,,Costa-Rica,4659757,2024-06-27T11:45:03+00:00,9428,,,5182354
2024-06-27,South-America,1212131,1868,225993,1177145,,101073,,Bolivia,2710261,2024-06-27T11:45:03+00:00,22407,12579,220,11992656
2024-06-27,Africa,1153361,2442,416164,,,95741,,Tunisia,5013383,2024-06-27T11:45:03+00:00,29423,,,12046656
2024-06-27,North-America,1115251,754,1273936,1106660,,98645,,Cuba,14402674,2024-06-27T11:45:03+00:00,8530,61,,11305652
2024-06-27,South-America,1070188,1990,170173,1034145,,59083,,Ecuador,3082403,2024-06-27T11:45:03+00:00,36043,0,,18113361
2024-06-27,Asia,1067030,233,19910389,,,105837,,UAE,200732262,2024-06-27T11:45:03+00:00,2349,,,10081785
2024-06-27,North-America,1059893,1962,1772585,1051102,,238341,,Panama,7882622,2024-06-27T11:45:03+00:00,8727,64,16,4446964
2024-06-27,South-America,1041111,2192,1749083,1030944,,297799,,Uruguay,6114822,2024-06-27T11:45:03+00:00,7664,2503,18,3496016
2024-06-27,Europe,13914811,2606,10082298,13762417,+702,297840,+8,Spain,471036328,2024-06-27T11:45:02+00:00,121760,30634,231,46719142
2024-06-27,North-America,131889132,,,127665129,,,,North-America,,2024-06-27T11:45:02+00:00,1695941,2528062,6095,
2024-06-27,Asia,221500265,,,205673091,,,,Asia,,2024-06-27T11:45:02+00:00,1553662,14273512,14733,
2024-06-27,Europe,253406198,,,248754104,,,,Europe,,2024-06-27T11:45:02+00:00,2101824,2550270,4453,
2024-06-27,South-America,70200879,,,66683585,,,,South-America,,2024-06-27T11:45:02+00:00,1367332,2149962,8953,
2024-06-27,Oceania,14895771,,,14752388,,,,Oceania,,2024-06-27T11:45:02+00:00,33015,110368,31,
2024-06-27,Africa,12860924,,,12090808,,,,Africa,,2024-06-27T11:45:02+00:00,258892,511224,529,
2024-06-27,All,704753890,899.4,,675619811,0,90413,0,All,,2024-06-27T11:45:02+00:00,7010681,22123398,34794,
2024-06-27,North-America,111820082,3642,3544901,109814428,,333985,,USA,1186851502,2024-06-27T11:45:02+00:00,1219487,786167,940,334805269
2024-06-27,Asia,45035393,379,665334,,,32016,,India,935879495,2024-06-27T11:45:02+00:00,533570,,,1406631776
2024-06-27,Europe,40138560,2556,4139547,39970918,,612013,,France,271490188,2024-06-27T11:45:02+00:00,167642,0,,65584518
2024-06-27,Europe,38828995,2182,1458359,38240600,,462891,,Germany,122332384,2024-06-27T11:45:02+00:00,183027,405368,,83883596
2024-06-27,South-America,38743918,3303,296146,36249161,,179908,,Brazil,63776166,2024-06-27T11:45:02+00:00,711380,1783377,,215353593
2024-06-27,Asia,34571873,700,307892,34535939,,673523,,S-Korea,15804065,2024-06-27T11:45:02+00:00,35934,0,,51329899
2024-06-27,Asia,33803572,595,799578,,,269169,,Japan,100414883,2024-06-27T11:45:02+00:00,74694,,,125584838
2024-06-27,Europe,26723249,3261,4665010,26361218,,443445,,Italy,281126449,2024-06-27T11:45:02+00:00,196487,165544,22,60262770
2024-06-27,Europe,24910387,3389,7628357,24678275,,363666,,UK,522526476,2024-06-27T11:45:02+00:00,232112,0,,68497907
2024-06-27,Europe,24124215,2762,1875095,23545818,,165454,,Russia,273400000,2024-06-27T11:45:02+00:00,402756,175641,,145805947
2024-06-27,Asia,17232066,1194,1902052,,,201399,,Turkey,162743369,2024-06-27T11:45:02+00:00,102174,,,85561976
2024-06-27,Oceania,11853144,937,3142326,11820014,,454687,,Australia,81916639,2024-06-27T11:45:02+00:00,24414,8716,3,26068792
2024-06-27,Asia,11625195,437,867342,10640971,,117481,,Vietnam,85826548,2024-06-27T11:45:02+00:00,43206,941018,,98953541
2024-06-27,Asia,10241523,796,1286903,10222518,,428720,,Taiwan,30742304,2024-06-27T11:45:02+00:00,19005,0,,23888595
2024-06-27,South-America,10128845,2844,776264,9997258,,220143,,Argentina,35716069,2024-06-27T11:45:02+00:00,130841,746,,46010234
2024-06-27,Europe,8635786,1336,1509718,8612599,,501747,,Netherlands,25984435,2024-06-27T11:45:02+00:00,22992,195,,17211447
