cases_recovered,cases_1M_pop,cases_active,cases_total,population,cases_new,cases_critical,deaths_1M_pop,deaths_total,continent,day,country,deaths_new,tests_1M_pop,tests_total,time
44720,277812,971,45986,165529,,3,1782,295,North-America,2024-04-03,Cura&ccedil;ao,,3000640,496693,2024-04-03T07:15:05+00:00
,443335,,38008,85732,,,1353,116,Europe,2024-04-03,Isle-of-Man,,1758422,150753,2024-04-03T07:15:05+00:00
8553,467797,22882,31472,67277,,1,550,37,North-America,2024-04-03,Cayman-Islands,,3311280,222773,2024-04-03T07:15:05+00:00
24006,4377,983,25375,5797805,,,67,386,Africa,2024-04-03,Congo,,59991,347815,2024-04-03T07:15:05+00:00
4225,2728,14041,18491,6779100,,,33,225,North-America,2024-04-03,Nicaragua,,,,2024-04-03T07:15:05+00:00
17264,1786,397,17786,9957464,,,13,125,Asia,2024-04-03,Tajikistan,,,,2024-04-03T07:15:05+00:00
15427,15441,74,15690,1016097,,,186,189,Africa,2024-04-03,Djibouti,,301094,305941,2024-04-03T07:15:05+00:00
2761,210117,9189,11971,56973,,4,369,21,North-America,2024-04-03,Greenland,,2894810,164926,2024-04-03T07:15:05+00:00
10086,2782,0,10189,3662244,,,28,103,Africa,2024-04-03,Eritrea,,6470,23693,2024-04-03T07:15:05+00:00
8890,381,729,9931,26083660,,1,12,312,Africa,2024-04-03,Niger,,9759,254538,2024-04-03T07:15:05+00:00
2,354211,2164,2166,6115,,,,,Africa,2024-04-03,Saint-Helena,,,,2024-04-03T07:15:05+00:00
1930,545352,0,1930,3539,,,,,South-America,2024-04-03,Falkland-Islands,,2439107,8632,2024-04-03T07:15:05+00:00
1376,282578,19,1403,4965,,,1611,8,North-America,2024-04-03,Montserrat,,3577442,17762,2024-04-03T07:15:05+00:00
699,,0,712,,,,,13,,2024-04-03,Diamond-Princess,,,,2024-04-03T07:15:05+00:00
29,36295,0,29,799,,,,,Europe,2024-04-03,Vatican-City,,,,2024-04-03T07:15:05+00:00
9,16,0,10,626161,,,2,1,Africa,2024-04-03,Western-Sahara,,,,2024-04-03T07:15:05+00:00
7,,0,9,,,,,2,,2024-04-03,MS-Zaandam,,,,2024-04-03T07:15:05+00:00
379053,347,118977,503302,1448471400,,,4,5272,Asia,2024-04-03,China,,110461,160000000,2024-04-03T07:15:05+00:00
16907,11512,139,17229,1496662,+7,5,122,183,Africa,2024-04-03,Equatorial-Guinea,,244342,365697,2024-04-03T07:15:05+00:00
7783,1525,12,8090,5305117,,2,56,295,Africa,2024-04-03,Liberia,,26356,139824,2024-04-03T07:15:05+00:00
5347,494635,45,5393,10903,,,92,1,Oceania,2024-04-03,Nauru,,1881042,20509,2024-04-03T07:15:05+00:00
10476,438398,1168,11682,26647,+3,,1426,38,North-America,2024-04-03,Caribbean-Netherlands,,1130559,30126,2024-04-03T07:15:05+00:00
13182,1623,12791,27334,16841795,+10,,81,1361,Africa,2024-04-03,Somalia,,23778,400466,2024-04-03T07:15:05+00:00
18685,304493,10,18860,61939,+11,,2664,165,North-America,2024-04-03,Bermuda,+2,16622128,1029558,2024-04-03T07:15:05+00:00
12189,4935,65,12626,2558482,+28,,145,372,Africa,2024-04-03,Gambia,,60851,155686,2024-04-03T07:15:05+00:00
,146815,,42027,286259,+19,,657,188,Africa,2024-04-03,Mayotte,,618038,176919,2024-04-03T07:15:05+00:00
19358,173545,97,19693,113475,+10,4,2097,238,North-America,2024-04-03,Grenada,,1612523,182981,2024-04-03T07:15:05+00:00
36366,95087,874,38084,400516,,1,2107,844,North-America,2024-04-03,Bahamas,,643767,257839,2024-04-03T07:15:05+00:00
8939,10038,9,9109,907419,,,177,161,Africa,2024-04-03,Comoros,,,,2024-04-03T07:15:05+00:00
8929,4659,508,9614,2063367,,6,86,177,Africa,2024-04-03,Guinea-Bissau,,70385,145231,2024-04-03T07:15:05+00:00
4874,442,2633,7701,17413580,,,11,194,Africa,2024-04-03,Chad,,10988,191341,2024-04-03T07:15:05+00:00
11976,37346,29,12019,321832,,,44,14,Oceania,2024-04-03,Vanuatu,,77606,24976,2024-04-03T07:15:05+00:00
10905,251353,54,11051,43966,,,2093,92,North-America,2024-04-03,Sint-Maarten,,1411454,62056,2024-04-03T07:15:05+00:00
438,323256,3104,3550,10982,,,728,8,Oceania,2024-04-03,Wallis-and-Futuna,,1867419,20508,2024-04-03T07:15:05+00:00
,553746,,5507,9945,,,603,6,North-America,2024-04-03,St-Barth,,7908095,78646,2024-04-03T07:15:05+00:00
6559,122645,0,6607,53871,,,891,48,North-America,2024-04-03,Saint-Kitts-and-Nevis,,2356704,126958,2024-04-03T07:15:05+00:00
23102,17131,220,23460,1369429,,,101,138,Asia,2024-04-03,Timor-Leste,,203391,278529,2024-04-03T07:15:05+00:00
42438,410969,1494,44224,107609,,2,2714,292,North-America,2024-04-03,Aruba,,1653068,177885,2024-04-03T07:15:05+00:00
,58055,80,80,1378,,,,,Oceania,2024-04-03,Tokelau,,,,2024-04-03T07:15:05+00:00
2703,41201,2358,5085,123419,,3,194,24,Oceania,2024-04-03,Kiribati,,,,2024-04-03T07:15:05+00:00
54578,2982,0,57743,19364809,+7,,163,3165,Asia,2024-04-03,Syria,,7553,146269,2024-04-03T07:15:05+00:00
27847,2193,26,28036,12784726,,,13,163,Africa,2024-04-03,Benin,,47268,604310,2024-04-03T07:15:05+00:00
16121,268711,0,16138,60057,,,283,17,Oceania,2024-04-03,Marshall-Islands,,,,2024-04-03T07:15:05+00:00
41278,33752,696,43025,1274727,,,824,1051,Africa,2024-04-03,Mauritius,,281374,358675,2024-04-03T07:15:05+00:00
53569,4334,1114,54721,12624840,,,3,38,Africa,2024-04-03,Burundi,,27386,345742,2024-04-03T07:15:05+00:00
46168,5043,26,46864,9292169,,,72,670,Oceania,2024-04-03,Papua-New-Guinea,,26813,249149,2024-04-03T07:15:05+00:00
,609720,,20550,33704,,,3353,113,Europe,2024-04-03,Gibraltar,,15852213,534283,2024-04-03T07:15:05+00:00
,310194,,12324,39730,,,1586,63,North-America,2024-04-03,Saint-Martin,,2828643,112382,2024-04-03T07:15:05+00:00
9124,383,662,11945,31154867,,,69,2159,Asia,2024-04-03,Yemen,,10579,329592,2024-04-03T07:15:05+00:00
,256336,,3904,15230,,,788,12,North-America,2024-04-03,Anguilla,,3373736,51382,2024-04-03T07:15:05+00:00
2449,599410,1001,3452,5759,,,347,2,North-America,2024-04-03,Saint-Pierre-Miquelon,,4410488,25400,2024-04-03T07:15:05+00:00
,619844,,48015,77463,,,2130,165,Europe,2024-04-03,Andorra,,3225256,249838,2024-04-03T07:15:05+00:00
,703959,,34658,49233,,,569,28,Europe,2024-04-03,Faeroe-Islands,,15802409,778000,2024-04-03T07:15:05+00:00
,225953,,26547,117489,,,553,65,Oceania,2024-04-03,Micronesia,,701598,82430,2024-04-03T07:15:05+00:00
8954,91509,6,9106,99509,,,1467,146,North-America,2024-04-03,Antigua-and-Barbuda,,189943,18901,2024-04-03T07:15:05+00:00
,243909,,2943,12066,,,83,1,Oceania,2024-04-03,Tuvalu,,,,2024-04-03T07:15:05+00:00
,35989,,25954,721159,,,276,199,Oceania,2024-04-03,Solomon-Islands,,,,2024-04-03T07:15:05+00:00
,431868,,17181,39783,,,1684,67,Europe,2024-04-03,Monaco,,1976875,78646,2024-04-03T07:15:05+00:00
,241600,,7392,30596,,,2092,64,North-America,2024-04-03,British-Virgin-Islands,,3508269,107339,2024-04-03T07:15:05+00:00
9493,86723,57,9674,111551,,,1112,124,North-America,2024-04-03,St-Vincent-Grenadines,,1023720,114197,2024-04-03T07:15:05+00:00
48674,21038,70,49051,2331533,,,132,307,Africa,2024-04-03,Gabon,,695641,1621909,2024-04-03T07:15:05+00:00
37757,2782,347,38572,13865691,,,34,468,Africa,2024-04-03,Guinea,,47607,660107,2024-04-03T07:15:05+00:00
15200,3078,127,15440,5016678,,2,23,113,Africa,2024-04-03,CAR,,16205,81294,2024-04-03T07:15:05+00:00
15964,221691,0,16038,72344,,,1023,74,North-America,2024-04-03,Dominica,,3170187,229344,2024-04-03T07:15:05+00:00
51048,515157,0,51220,99426,,,1730,172,Africa,2024-04-03,Seychelles,,,,2024-04-03T07:15:05+00:00
,683,,43223,63298550,,,13,846,Africa,2024-04-03,Tanzania,,,,2024-04-03T07:15:05+00:00
26011,768226,46,26185,34085,,,3755,128,Europe,2024-04-03,San-Marino,,5775414,196855,2024-04-03T07:15:05+00:00
7150,409937,51,7203,17571,,,114,2,Oceania,2024-04-03,Cook-Islands,,1120596,19690,2024-04-03T07:15:05+00:00
32332,1544,89,33164,21473764,,,35,743,Africa,2024-04-03,Mali,,37483,804909,2024-04-03T07:15:05+00:00
21596,1000,113,22109,22102838,,,18,400,Africa,2024-04-03,Burkina-Faso,,11265,248995,2024-04-03T07:15:05+00:00
,937,,7779,8306436,,,15,126,Africa,2024-04-03,Sierra-Leone,,31296,259958,2024-04-03T07:15:05+00:00
1605,84089,15370,17006,202239,,,153,31,Oceania,2024-04-03,Samoa,,926612,187397,2024-04-03T07:15:05+00:00
18115,1620,557,18819,11618511,,1,13,147,Africa,2024-04-03,South-Sudan,,35313,410280,2024-04-03T07:15:05+00:00
15638,157310,1299,16950,107749,,,121,13,Oceania,2024-04-03,Tonga,,4965327,535009,2024-04-03T07:15:05+00:00
25980,16610,9435,36138,2175699,,,332,723,Africa,2024-04-03,Lesotho,,198199,431221,2024-04-03T07:15:05+00:00
33734,2968,73,34667,11680283,,,74,860,North-America,2024-04-03,Haiti,,11337,132422,2024-04-03T07:15:05+00:00
1056,652898,3,1059,1622,,,,,Oceania,2024-04-03,Niue,,,,2024-04-03T07:15:05+00:00
29805,163225,0,30215,185113,,,2215,410,North-America,2024-04-03,Saint-Lucia,,1139752,210983,2024-04-03T07:15:05+00:00
6276,344979,4,6290,18233,+11,,548,10,Oceania,2024-04-03,Palau,,3917841,71434,2024-04-03T07:15:05+00:00
6709,169900,3,6752,39741,+3,4,1007,40,North-America,2024-04-03,Turks-and-Caicos,,15520193,616788,2024-04-03T07:15:05+00:00
,562013,,21574,38387,,,2449,94,Europe,2024-04-03,Liechtenstein,,2929559,112457,2024-04-03T07:15:05+00:00
3487,40904,23693,27303,667490,,,184,123,Asia,2024-04-03,Macao,,11760,7850,2024-04-03T07:15:05+00:00
39281,4559,1,39572,8680837,+3,,33,290,Africa,2024-04-03,Togo,,93908,815204,2024-04-03T07:15:05+00:00
6679,29713,6,6765,227679,+6,,351,80,Africa,2024-04-03,Sao-Tome-and-Principe,,130008,29600,2024-04-03T07:15:05+00:00
4772739,183636,0,4772813,25990679,,,3,74,Asia,2024-04-03,DPRK,,,,2024-04-03T07:15:04+00:00
1731007,169597,1868,1746997,10300869,,59,1371,14122,Asia,2024-04-03,Jordan,,1669945,17201885,2024-04-03T07:15:04+00:00
985592,105381,1327,994037,9432800,,,755,7118,Europe,2024-04-03,Belarus,,1446722,13646641,2024-04-03T07:15:04+00:00
11254,312065,86367,98041,314169,+13,6,1337,420,South-America,2024-04-03,French-Guiana,,2072951,651257,2024-04-03T07:15:04+00:00
101321,576421,168,101717,176463,+91,,1292,228,Europe,2024-04-03,Channel-Islands,,7099551,1252808,2024-04-03T07:15:04+00:00
3912506,67095,61362,4076463,60756135,+614,192,1689,102595,Africa,2024-04-03,South-Africa,,441027,26795090,2024-04-03T07:15:04+00:00
546537,18885,302,552695,29266991,+10,31,200,5856,South-America,2024-04-03,Venezuela,,114771,3359014,2024-04-03T07:15:04+00:00
1383020,73514,14963,1411831,19205043,+63,24,721,13848,Asia,2024-04-03,Kazakhstan,,602707,11575012,2024-04-03T07:15:04+00:00
442182,4861,49228,516023,106156692,,122,232,24613,Africa,2024-04-03,Egypt,,34792,3693367,2024-04-03T07:15:04+00:00
241486,7378,10539,253662,34382084,+136,23,48,1637,Asia,2024-04-03,Uzbekistan,,40077,1377915,2024-04-03T07:15:04+00:00
196406,30750,7500,206897,6728271,+7,131,445,2991,Asia,2024-04-03,Kyrgyzstan,,283460,1907195,2024-04-03T07:15:04+00:00
513687,172664,147,514524,2979915,+28,16,232,690,Asia,2024-04-03,Qatar,,1364257,4065369,2024-04-03T07:15:04+00:00
67226,75997,1006,69117,909466,,,973,885,Oceania,2024-04-03,Fiji,,739866,672883,2024-04-03T07:15:04+00:00
,138378,,82588,596831,,,2359,1408,South-America,2024-04-03,Suriname,,405822,242207,2024-04-03T07:15:04+00:00
58947,1391,0,63993,45992020,,,110,5046,Africa,2024-04-03,Sudan,,12240,562941,2024-04-03T07:15:04+00:00
61564,79571,1112,62697,787941,+3,,27,21,Asia,2024-04-03,Bhutan,,2923739,2303734,2024-04-03T07:15:04+00:00
163687,345100,22691,186694,540985,,25,584,316,Asia,2024-04-03,Maldives,,4092223,2213831,2024-04-03T07:15:04+00:00
1087587,186068,145299,1243838,6684849,+3934,74,1638,10952,Asia,2024-04-03,Lebanon,+5,717380,4795578,2024-04-03T07:15:04+00:00
500835,72048,2,507274,7040745,+4,,914,6437,Africa,2024-04-03,Libya,,352782,2483848,2024-04-03T07:15:04+00:00
132039,9817,11,133518,13600464,,,108,1468,Africa,2024-04-03,Rwanda,,442778,6021981,2024-04-03T07:15:04+00:00
991322,33199,97,1003450,30225582,,,398,12031,Asia,2024-04-03,Nepal,,200088,6047766,2024-04-03T07:15:04+00:00
63755,113580,305,64477,567678,,23,735,417,Africa,2024-04-03,Cabo-Verde,,707482,401622,2024-04-03T07:15:04+00:00
1538689,6893,12583,1581936,229488994,,,134,30664,Asia,2024-04-03,Pakistan,,133292,30589153,2024-04-03T07:15:04+00:00
3174942,545636,0,3183756,5834950,,,1511,8814,Europe,2024-04-03,Denmark,,22165247,129333107,2024-04-03T07:15:04+00:00
2439497,58474,673,2465545,42164965,,,602,25375,Asia,2024-04-03,Iraq,,463523,19544451,2024-04-03T07:15:04+00:00
,239058,,1238883,5182354,,,1819,9428,North-America,2024-04-03,Costa-Rica,,899158,4659757,2024-04-03T07:15:04+00:00
,95741,,1153361,12046656,,,2442,29423,Africa,2024-04-03,Tunisia,,416164,5013383,2024-04-03T07:15:04+00:00
,23475,,841469,35844909,,,269,9646,Asia,2024-04-03,Saudi-Arabia,,1268848,45481735,2024-04-03T07:15:04+00:00
615445,116173,159,621008,5345541,,,1011,5404,Asia,2024-04-03,Palestine,,575907,3078533,2024-04-03T07:15:04+00:00
,75028,,399449,5323993,,,869,4628,Asia,2024-04-03,Oman,,4695724,25000000,2024-04-03T07:15:04+00:00
337309,6122,1132,344130,56215221,,,101,5689,Africa,2024-04-03,Kenya,,70569,3967062,2024-04-03T07:15:04+00:00
187078,136143,28,191496,1406585,,,3121,4390,North-America,2024-04-03,Trinidad-and-Tobago,,649295,913289,2024-04-03T07:15:04+00:00
,275214,,80064,290915,,,1079,314,Oceania,2024-04-03,New-Caledonia,,340182,98964,2024-04-03T07:15:04+00:00
,46432,,474590,10221247,,,1092,11165,North-America,2024-04-03,Honduras,,162472,1660662,2024-04-03T07:15:04+00:00
,615777,,230354,374087,,,2946,1102,North-America,2024-04-03,Martinique,,2215870,828928,2024-04-03T07:15:04+00:00
,508349,,203235,399794,,,2554,1021,North-America,2024-04-03,Guadeloupe,,2346306,938039,2024-04-03T07:15:04+00:00
,105837,,1067030,10081785,,,233,2349,Asia,2024-04-03,UAE,,19910389,200732262,2024-04-03T07:15:04+00:00
727915,408944,60,729549,1783983,,,882,1574,Asia,2024-04-03,Bahrain,,6137138,10948549,2024-04-03T07:15:04+00:00
,544672,,494595,908061,,,1014,921,Africa,2024-04-03,R&eacute;union,,1766027,1603660,2024-04-03T07:15:04+00:00
183061,5998,82068,272010,45350148,,,152,6881,Africa,2024-04-03,Algeria,,5093,230960,2024-04-03T07:15:04+00:00
228805,7064,2676,233731,33089461,,11,68,2250,Africa,2024-04-03,Mozambique,,41437,1371127,2024-04-03T07:15:04+00:00
341316,17940,3919,349304,19470234,,,209,4069,Africa,2024-04-03,Zambia,,211244,4112961,2024-04-03T07:15:04+00:00
1030944,297799,2503,1041111,3496016,,18,2192,7664,South-America,2024-04-03,Uruguay,,1749083,6114822,2024-04-03T07:15:04+00:00
170425,5306,2,171889,32395450,,,45,1462,Africa,2024-04-03,Ghana,,78456,2541625,2024-04-03T07:15:04+00:00
73116,63462,648,75191,1184817,,,1204,1427,Africa,2024-04-03,Eswatini,,885119,1048704,2024-04-03T07:15:04+00:00
87497,3186,52,88384,27742298,,,30,835,Africa,2024-04-03,Ivory-Coast,,60951,1690934,2024-04-03T07:15:04+00:00
84489,1043,13381,99338,95240792,,,15,1468,Africa,2024-04-03,DRC,,8890,846704,2024-04-03T07:15:04+00:00
1177145,101038,12164,1211716,11992656,,220,1868,22407,South-America,2024-04-03,Bolivia,,225993,2710261,2024-04-03T07:15:04+00:00
4067381,36800,6138,4140383,112508994,+502,,594,66864,Asia,2024-04-03,Philippines,,320888,36102746,2024-04-03T07:15:04+00:00
72013,93366,824,74137,794045,,,1637,1300,South-America,2024-04-03,Guyana,,923396,733218,2024-04-03T07:15:04+00:00
1258432,322650,32609,1309728,4059286,,,4604,18687,Europe,2024-04-03,Croatia,,1394355,5660084,2024-04-03T07:15:04+00:00
179410,30816,18215,201855,6550389,,,646,4230,North-America,2024-04-03,El-Salvador,,398467,2610114,2024-04-03T07:15:04+00:00
87024,5044,58,89053,17653671,,,112,1971,Africa,2024-04-03,Senegal,,64946,1146543,2024-04-03T07:15:04+00:00
,278902,,79254,284164,,,2287,650,Oceania,2024-04-03,French-Polynesia,,,,2024-04-03T07:15:04+00:00
66862,2347,198,68486,29178077,,,49,1426,Africa,2024-04-03,Madagascar,,18210,531329,2024-04-03T07:15:04+00:00
679745,556741,0,681110,1223387,,,1116,1365,Asia,2024-04-03,Cyprus,,7879860,9640118,2024-04-03T07:15:04+00:00
1034145,59083,0,1070188,18113361,,,1990,36043,South-America,2024-04-03,Ecuador,,170173,3082403,2024-04-03T07:15:04+00:00
,173175,,71381,412190,,,1669,688,North-America,2024-04-03,Belize,,1397453,576016,2024-04-03T07:15:04+00:00
330233,116825,1025,334863,2866374,,,1258,3605,Europe,2024-04-03,Albania,,677173,1941032,2024-04-03T07:15:04+00:00
4350506,135751,0,4572667,33684208,,4,6595,222161,South-America,2024-04-03,Peru,,1158115,39010194,2024-04-03T07:15:04+00:00
259953,1233,4080,267188,216746934,,11,15,3155,Africa,2024-04-03,Nigeria,,26339,5708974,2024-04-03T07:15:04+00:00
108647,383910,1280,110575,288023,,,2250,648,North-America,2024-04-03,Barbados,,2826715,814159,2024-04-03T07:15:04+00:00
671316,61131,190,675890,11056370,,4,397,4384,North-America,2024-04-03,Dominican-Republic,,338350,3740928,2024-04-03T07:15:04+00:00
,4437,,89535,20180839,,,133,2686,Africa,2024-04-03,Malawi,,30959,624784,2024-04-03T07:15:04+00:00
123280,4492,125,125379,27911548,,,71,1974,Africa,2024-04-03,Cameroon,,62762,1751774,2024-04-03T07:15:04+00:00
,114648,,837602,7305843,,,2759,20155,South-America,2024-04-03,Paraguay,,363751,2657506,2024-04-03T07:15:04+00:00
1051102,238341,64,1059893,4446964,,16,1962,8727,North-America,2024-04-03,Panama,,1772585,7882622,2024-04-03T07:15:04+00:00
1503094,273930,0,1509732,5511370,,,1204,6638,Europe,2024-04-03,Norway,,1996315,11002430,2024-04-03T07:15:04+00:00
3004131,505785,0,3006155,5943546,,4,341,2024,Asia,2024-04-03,Singapore,,4165302,24756666,2024-04-03T07:15:04+00:00
,475015,,627927,1321910,+52,,2270,3001,Europe,2024-04-03,Estonia,,5260350,6953709,2024-04-03T07:15:04+00:00
210164,5696,14003,232152,40754388,+3,,196,7985,Asia,2024-04-03,Afghanistan,,33531,1366532,2024-04-03T07:15:04+00:00
,52551,,156869,2985094,,,1258,3756,North-America,2024-04-03,Jamaica,,396633,1183986,2024-04-03T07:15:04+00:00
435162,152031,7892,451831,2971966,,,2953,8777,Asia,2024-04-03,Armenia,,1091164,3242901,2024-04-03T07:15:04+00:00
103419,3064,1971,107327,35027343,,,55,1937,Africa,2024-04-03,Angola,,42818,1499795,2024-04-03T07:15:04+00:00
243601,771094,99643,343469,445431,,3,505,225,Asia,2024-04-03,Brunei,,1611437,717784,2024-04-03T07:15:04+00:00
488171,4148,5412,501157,120812698,,,63,7574,Africa,2024-04-03,Ethiopia,,46066,5565340,2024-04-03T07:15:04+00:00
167099,65451,1184,172389,2633874,,,1559,4106,Africa,2024-04-03,Namibia,,403460,1062663,2024-04-03T07:15:04+00:00
100431,3554,68086,172149,48432863,,,75,3632,Africa,2024-04-03,Uganda,,62198,3012408,2024-04-03T07:15:04+00:00
,609044,,391232,642371,,,1918,1232,Europe,2024-04-03,Luxembourg,,7140959,4587145,2024-04-03T07:15:04+00:00
120149,273448,386,121420,444033,+2,,1993,885,Europe,2024-04-03,Malta,,4888375,2170600,2024-04-03T07:15:04+00:00
4715206,443246,318,4759041,10736784,+36,2,4053,43517,Europe,2024-04-03,Czechia,,5386552,57834241,2024-04-03T07:15:04+00:00
,12204,,2048914,167885689,,,176,29492,Asia,2024-04-03,Bangladesh,,90862,15254399,2024-04-03T07:15:04+00:00
824089,81080,647,835136,10300205,,,1010,10400,Asia,2024-04-03,Azerbaijan,,752223,7748050,2024-04-03T07:15:04+00:00
379084,124212,8132,403603,3249317,,,5043,16387,Europe,2024-04-03,Bosnia-and-Herzegovina,,580036,1884721,2024-04-03T07:15:04+00:00
327049,135442,785,330635,2441162,,1,1147,2801,Africa,2024-04-03,Botswana,,830300,2026898,2024-04-03T07:15:04+00:00
2152155,232164,29029,2230232,9606259,,,5106,49048,Europe,2024-04-03,Hungary,,1186160,11394556,2024-04-03T07:15:04+00:00
,469082,,1861665,3968738,,,4317,17132,Asia,2024-04-03,Georgia,,4263340,16920079,2024-04-03T07:15:04+00:00
,152308,,667158,4380326,,,587,2570,Asia,2024-04-03,Kuwait,,1930391,8455743,2024-04-03T07:15:04+00:00
620159,11622,2219,641873,55227143,,,353,19495,Asia,2024-04-03,Myanmar,,212061,11711514,2024-04-03T07:15:04+00:00
,607731,,209906,345393,,,663,229,Europe,2024-04-03,Iceland,,5780036,1996384,2024-04-03T07:15:04+00:00
,33860,,1278992,37772756,,,432,16303,Africa,2024-04-03,Morocco,,344191,13001033,2024-04-03T07:15:04+00:00
1009212,299429,0,1011496,3378078,,,676,2284,Asia,2024-04-03,Mongolia,,1193000,4030048,2024-04-03T07:15:04+00:00
62471,13025,380,63848,4901981,,,203,997,Africa,2024-04-03,Mauritania,,206030,1009957,2024-04-03T07:15:04+00:00
,158265,,635145,4013171,,,3044,12218,Europe,2024-04-03,Moldova,,801437,3216305,2024-04-03T07:15:04+00:00
337068,168436,3523,350567,2081304,,,4793,9976,Europe,2024-04-03,North-Macedonia,,1069626,2226216,2024-04-03T07:15:04+00:00
258888,17373,1731,266359,15331428,,12,374,5740,Africa,2024-04-03,Zimbabwe,,164744,2525756,2024-04-03T07:15:04+00:00
1856381,343872,0,1877605,5460193,,23,3887,21224,Europe,2024-04-03,Slovakia,,1364199,7448789,2024-04-03T07:15:04+00:00
4692636,68056,42060,4769277,70078203,,,493,34581,Asia,2024-04-03,Thailand,,246488,17273454,2024-04-03T07:15:04+00:00
1269891,69484,1113,1291293,18584039,,5,1092,20289,North-America,2024-04-03,Guatemala,,408622,7593848,2024-04-03T07:15:04+00:00
3459313,185435,841,3529078,19031335,,33,3622,68924,Europe,2024-04-03,Romania,,1509617,28730020,2024-04-03T07:15:04+00:00
291794,472213,1886,296526,627950,,,4532,2846,Europe,2024-04-03,Montenegro,,4410034,2769281,2024-04-03T07:15:04+00:00
2609755,534423,2271,2617712,4898203,,,1161,5686,Oceania,2024-04-03,New-Zealand,,1586011,7768604,2024-04-03T07:15:04+00:00
,29269,,218962,7481023,,,101,758,Asia,2024-04-03,Laos,,164845,1233207,2024-04-03T07:15:04+00:00
655852,31181,5,672754,21575842,,,783,16897,Asia,2024-04-03,Sri-Lanka,,300619,6486117,2024-04-03T07:15:04+00:00
2914720,386112,6535,2936109,7604299,,,1953,14854,Asia,2024-04-03,Hong-Kong,,10011143,76127725,2024-04-03T07:15:04+00:00
136044,8102,0,139100,17168639,,,178,3056,Asia,2024-04-03,Cambodia,,180062,3091420,2024-04-03T07:15:04+00:00
1724531,345521,560,1734582,5020199,,19,1891,9491,Europe,2024-04-03,Ireland,,2606161,13083449,2024-04-03T07:15:04+00:00
1292927,195745,8123,1339796,6844597,+14,22,5661,38746,Europe,2024-04-03,Bulgaria,,1704275,11665076,2024-04-03T07:15:04+00:00
971406,531361,4281,982399,1848837,,,3630,6712,Europe,2024-04-03,Latvia,,4265272,7885792,2024-04-03T07:15:04+00:00
1387118,525069,566,1397581,2661708,+6,,3718,9897,Europe,2024-04-03,Lithuania,,3959997,10540357,2024-04-03T07:15:04+00:00
1349387,652794,42,1356529,2078034,+1,,3417,7100,Europe,2024-04-03,Slovenia,,1370382,2847701,2024-04-03T07:15:04+00:00
1106659,98645,62,1115251,11305652,+2,,754,8530,North-America,2024-04-03,Cuba,,1273919,14402486,2024-04-03T07:15:04+00:00
4438155,507515,148,4452755,8773637,,,1647,14452,Europe,2024-04-03,Switzerland,,2716487,23833472,2024-04-03T07:15:04+00:00
2726334,269494,229,2753953,10218971,,,2680,27390,Europe,2024-04-03,Sweden,,1908301,19500873,2024-04-03T07:15:04+00:00
2596608,302193,213,2614878,8653016,,,2087,18057,Europe,2024-04-03,Serbia,,1554978,13455246,2024-04-03T07:15:04+00:00
1503829,272917,258,1516045,5554960,,,2153,11958,Europe,2024-04-03,Finland,,2179850,12108977,2024-04-03T07:15:04+00:00
5445577,128681,0,5557995,43192122,,,2603,112418,Europe,2024-04-03,Ukraine,,754855,32603805,2024-04-03T07:15:03+00:00
13762417,297840,30634,13914811,46719142,+702,231,2606,121760,Europe,2024-04-03,Spain,+8,10082298,471036328,2024-04-03T07:15:03+00:00
10222518,428720,0,10241523,23888595,,,796,19005,Asia,2024-04-03,Taiwan,,1286903,30742304,2024-04-03T07:15:03+00:00
,269169,,33803572,125584838,,,595,74694,Asia,2024-04-03,Japan,,799578,100414883,2024-04-03T07:15:03+00:00
6054934,670727,3811,6081287,9066710,,,2486,22542,Europe,2024-04-03,Austria,,23302116,211273524,2024-04-03T07:15:03+00:00
39970918,612013,0,40138560,65584518,,,2556,167642,Europe,2024-04-03,France,,4139547,271490188,2024-04-03T07:15:03+00:00
34535939,673523,0,34571873,51329899,,,700,35934,Asia,2024-04-03,S-Korea,,307892,15804065,2024-04-03T07:15:03+00:00
,201399,,17232066,85561976,,,1194,102174,Asia,2024-04-03,Turkey,,1902052,162743369,2024-04-03T07:15:03+00:00
4798473,519169,30592,4841772,9326000,,,1363,12707,Asia,2024-04-03,Israel,,4436346,41373364,2024-04-03T07:15:03+00:00
,591412,,6101379,10316637,,,3671,37869,Europe,2024-04-03,Greece,,9909078,102228365,2024-04-03T07:15:03+00:00
6899865,58549,467986,7702809,131562772,,,2546,334958,North-America,2024-04-03,Mexico,,152124,20013810,2024-04-03T07:15:03+00:00
9963910,219400,0,10094643,46010234,,,2841,130733,South-America,2024-04-03,Argentina,,776264,35716069,2024-04-03T07:15:03+00:00
6212152,124244,44821,6400173,51512762,,342,2780,143200,South-America,2024-04-03,Colombia,,717327,36951507,2024-04-03T07:15:03+00:00
10640971,117481,941018,11625195,98953541,,,437,43206,Asia,2024-04-03,Vietnam,,867342,85826548,2024-04-03T07:15:03+00:00
6647104,24465,19995,6829162,279134505,,,581,162063,Asia,2024-04-03,Indonesia,,408975,114158919,2024-04-03T07:15:03+00:00
,88665,,7627186,86022837,,,1707,146811,Asia,2024-04-03,Iran,,666338,57320267,2024-04-03T07:15:03+00:00
8612069,501735,530,8635591,17211447,,,1336,22992,Europe,2024-04-03,Netherlands,,1509718,25984435,2024-04-03T07:15:03+00:00
38240600,462868,403523,38827040,83883596,+129,,2181,182917,Europe,2024-04-03,Germany,+12,1458359,122332384,2024-04-03T07:15:03+00:00
26357303,443437,168976,26722745,60262770,+602,25,3260,196466,Europe,2024-04-03,Italy,+20,4663418,281030509,2024-04-03T07:15:03+00:00
5232759,159066,7878,5277985,33181072,,11,1126,37348,Asia,2024-04-03,Malaysia,,2066869,68580916,2024-04-03T07:15:03+00:00
24676614,363666,1661,24910387,68497907,,,3389,232112,Europe,2024-04-03,UK,,7628357,522526476,2024-04-03T07:15:03+00:00
205668967,,14270423,221492942,,,14733,,1553552,Asia,2024-04-03,Asia,,,,2024-04-03T07:15:03+00:00
,32016,,45034136,1406631776,,,379,533547,Asia,2024-04-03,India,,665334,935879495,2024-04-03T07:15:03+00:00
5614717,556470,95,5642928,10140570,,61,2773,28116,Europe,2024-04-03,Portugal,,4549993,46139518,2024-04-03T07:15:03+00:00
12090802,,511209,12860903,,+6,529,,258892,Africa,2024-04-03,Africa,,,,2024-04-03T07:15:03+00:00
,176523,,6661940,37739785,+1,,3195,120597,Europe,2024-04-03,Poland,,1041929,39322165,2024-04-03T07:15:03+00:00
36249161,179843,1769426,38729836,215353593,,,3303,711249,South-America,2024-04-03,Brazil,,296146,63776166,2024-04-03T07:15:03+00:00
66650237,,2131510,70148840,,,8953,,1367093,South-America,2024-04-03,South-America,,,,2024-04-03T07:15:03+00:00
23524294,165317,177280,24104261,145805947,+21590,,2762,402687,Europe,2024-04-03,Russia,+75,1875095,273400000,2024-04-03T07:15:03+00:00
5252450,279556,64566,5381513,19250195,,7,3350,64497,South-America,2024-04-03,Chile,,2617225,50382097,2024-04-03T07:15:03+00:00
109712052,333835,838926,111769834,334805269,+1392,1058,3640,1218856,North-America,2024-04-03,USA,+7,3544901,1186851502,2024-04-03T07:15:03+00:00
127559071,,2582640,131836959,,,6213,,1695248,North-America,2024-04-03,North-America,,,,2024-04-03T07:15:03+00:00
248723833,,2555862,253381280,,,4468,,2101585,Europe,2024-04-03,Europe,,,,2024-04-03T07:15:03+00:00
14740133,,112374,14885457,,+621,37,,32950,Oceania,2024-04-03,Oceania,+2,,,2024-04-03T07:15:03+00:00
675433749,90395,22164018,704607102,,+621,34933,899.2,7009335,All,2024-04-03,All,+2,,,2024-04-03T07:15:03+00:00
11811795,454422,10074,11846229,26068792,+621,9,934,24360,Oceania,2024-04-03,Australia,+2,3142326,81916639,2024-04-03T07:15:03+00:00
4877631,128794,7593,4944196,38388419,,99,1536,58972,North-America,2024-04-03,Canada,,1734189,66572774,2024-04-03T07:15:03+00:00
4826361,416644,786,4861523,11668278,,,2946,34376,Europe,2024-04-03,Belgium,,3209915,37454182,2024-04-03T07:15:03+00:00
